{"cameraMode":{"drawMode":0,"name":"Shaded","section":"Shading Mode"},"sceneLighting":false,"audioPlay":false,"sceneViewState":{"m_AlwaysRefresh":false,"showFog":true,"showSkybox":true,"showFlares":true,"showImageEffects":true,"showParticleSystems":true,"showVisualEffectGraphs":true,"m_FxEnabled":true},"in2DMode":false,"pivot":{"x":-3.6600000858306886,"y":1.500000238418579,"z":2.5900001525878908},"rotation":{"x":0.20315386354923249,"y":-0.017334798350930215,"z":0.003597304690629244,"w":0.9789904356002808},"size":28.920907974243165,"orthographic":false}